outcome,beta_unw,se_unw,p_unw,beta_wtd,se_wtd,p_wtd,N,n_counties
Gasoline per-capita (log),-0.0480456027492096,0.04098365485112409,0.24142325727232472,-0.06383567651767566,0.05595391096713177,0.2542710126034997,870,58
Median AQI,0.981256263690652,1.4865525806429027,0.5093939247284363,0.7223423519736688,1.4794729306258136,0.6255163509871191,844,54
