outcome,beta,se,p,ci95,N,n_counties,r2_within
Gasoline per-capita (log),-0.0480456027492096,0.04098365485112409,0.24142325727232472,0.08032796350820322,870,58,0.01741016242690674
Median AQI,0.981256263690652,1.4865525806429027,0.5093939247284363,2.913643058060089,844,54,0.06208192030985382
